<?xml version="1.0" encoding="UTF-8"?><rss version="2.0"
	xmlns:content="http://purl.org/rss/1.0/modules/content/"
	xmlns:wfw="http://wellformedweb.org/CommentAPI/"
	xmlns:dc="http://purl.org/dc/elements/1.1/"
	xmlns:atom="http://www.w3.org/2005/Atom"
	xmlns:sy="http://purl.org/rss/1.0/modules/syndication/"
	xmlns:slash="http://purl.org/rss/1.0/modules/slash/"
	>

<channel>
	<title>Doston Anvarov</title>
	<atom:link href="https://4dm.uz/feed/" rel="self" type="application/rss+xml" />
	<link>https://4dm.uz/</link>
	<description>Ещё один сайт на WordPress</description>
	<lastBuildDate>Thu, 11 Aug 2022 01:21:01 +0000</lastBuildDate>
	<language>ru-RU</language>
	<sy:updatePeriod>
	hourly	</sy:updatePeriod>
	<sy:updateFrequency>
	1	</sy:updateFrequency>
	<generator>https://wordpress.org/?v=6.0.1</generator>
	<item>
		<title>Привет, мир!</title>
		<link>https://4dm.uz/%d0%bf%d1%80%d0%b8%d0%b2%d0%b5%d1%82-%d0%bc%d0%b8%d1%80/</link>
					<comments>https://4dm.uz/%d0%bf%d1%80%d0%b8%d0%b2%d0%b5%d1%82-%d0%bc%d0%b8%d1%80/#comments</comments>
		
		<dc:creator><![CDATA[admuz]]></dc:creator>
		<pubDate>Thu, 11 Aug 2022 01:21:01 +0000</pubDate>
				<category><![CDATA[Без рубрики]]></category>
		<guid isPermaLink="false">https://4dm.uz/?p=1</guid>

					<description><![CDATA[Добро пожаловать в WordPress. Это ваша первая запись. Отредактируйте или удалите ее, затем начинайте создавать!]]></description>
										<content:encoded><![CDATA[
<p>Добро пожаловать в WordPress. Это ваша первая запись. Отредактируйте или удалите ее, затем начинайте создавать!</p>
]]></content:encoded>
					
					<wfw:commentRss>https://4dm.uz/%d0%bf%d1%80%d0%b8%d0%b2%d0%b5%d1%82-%d0%bc%d0%b8%d1%80/feed/</wfw:commentRss>
			<slash:comments>1</slash:comments>
		
		
			</item>
	</channel>
</rss>
